K_omega,K_delta,status,total_final,terminal_final,runtime_s,iterations,grad_norm_final,step_norm_final,oracle_calls,max_abs_omega,area_omega_over_pi,negativity_fraction,run_name,artifacts_dir
1,0,max_iters,0.03616011501883125,0.00038589115331177926,12.780289986985736,200,0.0022947329891400015,0.00677650054406348,200,215.28786238707926,4.649028735914148,0.0,basis-capacity-Ko01-Kd00,artifacts/basis-capacity-Ko01-Kd00
2,0,max_iters,0.03628968762435896,0.0004870698540320184,9.16096019995166,200,0.002345169289556201,0.02412946287510964,200,217.93020406559157,4.648412236242804,0.0,basis-capacity-Ko02-Kd00,artifacts/basis-capacity-Ko02-Kd00
4,0,max_iters,0.03446607014695111,1.7172325378123077e-05,9.45944755099481,200,0.0001787652335066778,0.0019237657257874148,200,229.32310093091286,4.60216102060031,0.0,basis-capacity-Ko04-Kd00,artifacts/basis-capacity-Ko04-Kd00
6,0,max_iters,0.032714400672436125,5.256791968499819e-06,8.21625137096271,200,0.0004674513623966289,0.01093965878460596,200,213.29683373527888,4.469671041586369,0.0,basis-capacity-Ko06-Kd00,artifacts/basis-capacity-Ko06-Kd00
8,0,max_iters,0.031698892284223,4.744553958047071e-06,8.56031195295509,200,0.0006163312908795533,0.01307329624555574,200,213.1089561437253,4.418739167691521,0.0,basis-capacity-Ko08-Kd00,artifacts/basis-capacity-Ko08-Kd00
10,0,max_iters,0.03155868366150734,6.244362002250092e-06,8.69855644297786,200,0.0006945053757782348,0.012397150730050476,200,221.4648047577865,4.408670822927711,0.0,basis-capacity-Ko10-Kd00,artifacts/basis-capacity-Ko10-Kd00
12,0,max_iters,0.03137289767485911,6.097679974392811e-06,8.38038302701898,200,0.0007304572293352783,0.013620770127216712,200,210.4718798388625,4.414412540850245,0.0,basis-capacity-Ko12-Kd00,artifacts/basis-capacity-Ko12-Kd00
14,0,max_iters,0.031257689923384104,5.8313769432105644e-06,8.367674011038616,200,0.0007517595812770145,0.01186393661071259,200,217.03456503020348,4.41486655537047,0.0,basis-capacity-Ko14-Kd00,artifacts/basis-capacity-Ko14-Kd00
16,0,max_iters,0.031161596838340286,5.547831784302737e-06,8.360370887967292,200,0.0007719012754335814,0.01225484246961793,200,209.41453877838654,4.415328582449238,0.0,basis-capacity-Ko16-Kd00,artifacts/basis-capacity-Ko16-Kd00
18,0,max_iters,0.031102477054388792,5.0614601047049845e-06,7.893979504995514,200,0.000785969819179486,0.01105652796391848,200,210.82419745874353,4.415945821913749,0.0,basis-capacity-Ko18-Kd00,artifacts/basis-capacity-Ko18-Kd00
20,0,max_iters,0.031060853238888582,4.496525785158134e-06,8.444694673002232,200,0.000796365497816393,0.011264201897862505,200,212.1401799940604,4.416121860449976,0.0,basis-capacity-Ko20-Kd00,artifacts/basis-capacity-Ko20-Kd00
22,0,max_iters,0.031037844187788755,4.0671836355477e-06,9.019860007974785,200,0.000804725892606717,0.013136091601714412,200,205.23468203377453,4.416319575798238,0.0,basis-capacity-Ko22-Kd00,artifacts/basis-capacity-Ko22-Kd00
24,0,max_iters,0.031030111448877292,3.6566133714277527e-06,8.178017264988739,200,0.0008112941852500958,0.02093140539398983,200,210.00668212402735,4.4163407023178385,0.0,basis-capacity-Ko24-Kd00,artifacts/basis-capacity-Ko24-Kd00
1,2,max_iters,0.03638835757641059,0.0002714540182116032,12.951954162039328,200,0.0006492168511988495,0.02993248912435267,200,206.0138303857185,4.461097594652992,0.0,basis-capacity-Ko01-Kd02,artifacts/basis-capacity-Ko01-Kd02
2,2,max_iters,0.03662266839397431,7.59295348976563e-05,8.404504926991649,200,0.00028119789430523383,0.010606743510756899,200,220.89239213841077,4.442237161979402,0.01249375312343828,basis-capacity-Ko02-Kd02,artifacts/basis-capacity-Ko02-Kd02
4,2,max_iters,0.03513737709720685,6.974298752870922e-05,9.589671702007763,200,0.0002601676520723925,0.014598022966740107,200,214.6948329656896,4.47727665408895,0.0,basis-capacity-Ko04-Kd02,artifacts/basis-capacity-Ko04-Kd02
6,2,max_iters,0.03302402851013576,1.1158238548469868e-05,8.09319579397561,200,0.0006151779224591956,0.006967529781123853,200,203.2356717430485,4.37844088325072,0.0,basis-capacity-Ko06-Kd02,artifacts/basis-capacity-Ko06-Kd02
8,2,max_iters,0.03215431774067146,4.046314064365397e-06,8.818890733993612,200,0.0006887600921464345,0.005590629534885506,200,227.30461020887043,4.319765000276399,0.0,basis-capacity-Ko08-Kd02,artifacts/basis-capacity-Ko08-Kd02
10,2,max_iters,0.03199215287876064,3.3061559246982952e-06,8.54505103098927,200,0.0007425578946059864,0.007802858787294779,200,218.70491587649974,4.323012886287445,0.0,basis-capacity-Ko10-Kd02,artifacts/basis-capacity-Ko10-Kd02
12,2,max_iters,0.03188708355942788,3.660348214307163e-06,8.452856934047304,200,0.0007684232906634596,0.007944339702336,200,219.46817617012204,4.325429114156134,0.0,basis-capacity-Ko12-Kd02,artifacts/basis-capacity-Ko12-Kd02
14,2,max_iters,0.03192794991122265,2.746070722148275e-06,8.345063312968705,200,0.0007776563275366013,0.016583743381386414,200,224.12282431584052,4.326584034444117,0.0,basis-capacity-Ko14-Kd02,artifacts/basis-capacity-Ko14-Kd02
16,2,max_iters,0.03197415792718992,2.1386352251351326e-06,8.49043670197716,200,0.0007928260768247636,0.0279580799212621,200,215.64034049168654,4.331544849099869,0.0,basis-capacity-Ko16-Kd02,artifacts/basis-capacity-Ko16-Kd02
18,2,max_iters,0.03203898711106064,2.300327961335391e-06,8.483948558976408,200,0.0007971291118965848,0.015509343416154186,200,220.53950155632415,4.331362149808651,0.0074962518740629685,basis-capacity-Ko18-Kd02,artifacts/basis-capacity-Ko18-Kd02
20,2,max_iters,0.03191289616203342,2.4456250551363468e-06,8.325270906032529,200,0.0008145029784174069,0.017051367687343753,200,220.25989032829446,4.334803905516826,0.010494752623688156,basis-capacity-Ko20-Kd02,artifacts/basis-capacity-Ko20-Kd02
22,2,max_iters,0.031853372281844546,2.499568571900923e-06,8.832569401012734,200,0.000824297027874373,0.021046142492363484,200,213.17960293164774,4.336751204144637,0.009495252373813094,basis-capacity-Ko22-Kd02,artifacts/basis-capacity-Ko22-Kd02
24,2,max_iters,0.031824367753684024,2.4461851176882377e-06,8.597613078018185,200,0.0008333779596351569,0.028057033546726614,200,218.48679527293183,4.33820518901149,0.0079960019990005,basis-capacity-Ko24-Kd02,artifacts/basis-capacity-Ko24-Kd02
1,4,max_iters,0.036277135533801005,0.00010607692224584575,11.807766731013544,200,0.00023227627283086438,0.0023365543026326718,200,201.8968110681061,4.377669357739468,0.0,basis-capacity-Ko01-Kd04,artifacts/basis-capacity-Ko01-Kd04
2,4,max_iters,0.03624478036905667,8.379205048036908e-05,8.696739769016858,200,0.00017054881980050235,0.0012998192520608522,200,203.47275032085983,4.371659059298839,0.0,basis-capacity-Ko02-Kd04,artifacts/basis-capacity-Ko02-Kd04
4,4,max_iters,0.03400965440013676,9.324670815824554e-06,9.340062675997615,200,0.0004634689770173063,0.004867802358030898,200,218.9197937601515,4.331844817730248,0.0,basis-capacity-Ko04-Kd04,artifacts/basis-capacity-Ko04-Kd04
6,4,max_iters,0.0326161606567681,6.1759610017197986e-06,8.109443542023655,200,0.0006743625922997469,0.005695307187810488,200,209.10402711685288,4.2940094447888075,0.0,basis-capacity-Ko06-Kd04,artifacts/basis-capacity-Ko06-Kd04
8,4,max_iters,0.031809783814959226,4.622760022332528e-06,8.37892957800068,200,0.000770151580867442,0.005703967567295037,200,214.24906160092888,4.260940302183076,0.0,basis-capacity-Ko08-Kd04,artifacts/basis-capacity-Ko08-Kd04
10,4,max_iters,0.03162417654119533,5.226445869088714e-06,8.686732200963888,200,0.0008263554910541999,0.007522028799606242,200,206.5308562433619,4.263775460378069,0.0,basis-capacity-Ko10-Kd04,artifacts/basis-capacity-Ko10-Kd04
12,4,max_iters,0.03150844673892418,5.318185552716237e-06,8.400142800004687,200,0.0008518558248823622,0.007300278908873223,200,214.11914123249755,4.267559668727808,0.0,basis-capacity-Ko12-Kd04,artifacts/basis-capacity-Ko12-Kd04
14,4,max_iters,0.031423687534825745,5.3533938445538e-06,8.379643863998353,200,0.0008679606685339413,0.00737375074951806,200,206.28099242892432,4.27290557874833,0.0,basis-capacity-Ko14-Kd04,artifacts/basis-capacity-Ko14-Kd04
16,4,max_iters,0.03137513787580436,5.190834964752256e-06,8.633097970043309,200,0.0008799996937094071,0.011297502416822812,200,209.40199073412813,4.27678073363235,0.0,basis-capacity-Ko16-Kd04,artifacts/basis-capacity-Ko16-Kd04
18,4,max_iters,0.03158417937477305,4.45991273523294e-06,8.572899438033346,200,0.0008788785575597506,0.03499992101378205,200,209.55910046448145,4.277317853032073,0.0,basis-capacity-Ko18-Kd04,artifacts/basis-capacity-Ko18-Kd04
20,4,max_iters,0.031529106769228286,4.363331542633908e-06,8.403079227020498,200,0.000896783467888013,0.0342469588996245,200,203.2968082340287,4.280608299784587,0.0,basis-capacity-Ko20-Kd04,artifacts/basis-capacity-Ko20-Kd04
22,4,max_iters,0.03145327105243408,4.3883664445631965e-06,8.62558099598391,200,0.0009078961952132254,0.02937462082796212,200,206.58038304842898,4.283386123223581,0.0079960019990005,basis-capacity-Ko22-Kd04,artifacts/basis-capacity-Ko22-Kd04
24,4,max_iters,0.03137637749113339,4.373194149587256e-06,9.065414819051512,200,0.0009138270811972664,0.02844677821143622,200,203.33834973843528,4.285120064933247,0.005497251374312844,basis-capacity-Ko24-Kd04,artifacts/basis-capacity-Ko24-Kd04
1,6,max_iters,0.03237163755531285,1.0157240964314695e-05,9.119125375000294,200,0.0009532612258369795,0.00940450945830845,200,192.8793003154987,4.194936422720093,0.0,basis-capacity-Ko01-Kd06,artifacts/basis-capacity-Ko01-Kd06
2,6,max_iters,0.03221495480340119,7.254493156083619e-06,8.765613324998412,200,0.0009215253327425839,0.0061364291771019664,200,198.6739310853999,4.177532347046524,0.006496751624187906,basis-capacity-Ko02-Kd06,artifacts/basis-capacity-Ko02-Kd06
4,6,max_iters,0.032008764561808234,3.445740865082314e-06,8.830753504007589,200,0.0008568381237582405,0.0050720665182908764,200,201.41045468592603,4.234407120059387,0.0,basis-capacity-Ko04-Kd06,artifacts/basis-capacity-Ko04-Kd06
6,6,max_iters,0.03115955833483186,1.997537907971747e-06,8.21043697197456,200,0.0009066321488790338,0.00722430920851034,200,198.1102148661219,4.212932198502877,0.0,basis-capacity-Ko06-Kd06,artifacts/basis-capacity-Ko06-Kd06
8,6,max_iters,0.030607521308548526,1.3429986085444767e-06,8.250148445018567,200,0.0009294115284213458,0.005795260008144076,200,194.3804564477549,4.192655990408823,0.0,basis-capacity-Ko08-Kd06,artifacts/basis-capacity-Ko08-Kd06
10,6,max_iters,0.03046122084458318,1.4209602816617206e-06,8.728117345948704,200,0.000949202860881314,0.006862954000775541,200,188.2790612762323,4.194506815160512,0.0,basis-capacity-Ko10-Kd06,artifacts/basis-capacity-Ko10-Kd06
12,6,max_iters,0.030374935990656157,1.467364315166364e-06,8.277969214017503,200,0.000957600830151642,0.007930758727834848,200,193.24624239260325,4.198076080162592,0.0,basis-capacity-Ko12-Kd06,artifacts/basis-capacity-Ko12-Kd06
14,6,max_iters,0.030297851523970222,1.456024851909099e-06,8.529435541015118,200,0.0009625594978515117,0.007388206189946249,200,189.77366016905077,4.200166763189914,0.0,basis-capacity-Ko14-Kd06,artifacts/basis-capacity-Ko14-Kd06
16,6,max_iters,0.030243563767969345,1.415799590676059e-06,8.440671217045747,200,0.0009674245046401587,0.008717865464362071,200,192.8437170321982,4.201686070035863,0.0,basis-capacity-Ko16-Kd06,artifacts/basis-capacity-Ko16-Kd06
18,6,max_iters,0.03023303393960447,1.227619212840203e-06,7.8691278520273045,200,0.0009682806245189673,0.023638341541831545,200,192.01051790347523,4.203404637068351,0.0,basis-capacity-Ko18-Kd06,artifacts/basis-capacity-Ko18-Kd06
20,6,max_iters,0.03023405857321531,9.147004199627773e-07,8.56311474001268,200,0.0009663065002055999,0.03696121519101677,200,189.6234545592648,4.205072554831214,0.0,basis-capacity-Ko20-Kd06,artifacts/basis-capacity-Ko20-Kd06
22,6,max_iters,0.030171810394363983,6.16303802103424e-07,8.472604458977003,200,0.0009632693107529326,0.034724512211225265,200,192.64111097683377,4.206202081013724,0.0,basis-capacity-Ko22-Kd06,artifacts/basis-capacity-Ko22-Kd06
24,6,max_iters,0.03015779410819353,5.360003139109892e-07,8.89327585499268,200,0.0009646929016776024,0.037136280032059314,200,190.97149716068873,4.207503186523977,0.0,basis-capacity-Ko24-Kd06,artifacts/basis-capacity-Ko24-Kd06
1,8,max_iters,0.03229662854468356,5.640719626609503e-06,9.450959722977132,200,0.0008760830539987096,0.008453195105070891,200,191.98290691094306,4.176771698303312,0.0,basis-capacity-Ko01-Kd08,artifacts/basis-capacity-Ko01-Kd08
2,8,max_iters,0.032178413932460896,2.7649836605858624e-06,8.784927647968289,200,0.0008536670492202515,0.013624523456975903,200,197.20599858263407,4.160056238130675,0.006496751624187906,basis-capacity-Ko02-Kd08,artifacts/basis-capacity-Ko02-Kd08
4,8,max_iters,0.032066555919989484,2.0076330770057993e-06,8.590084477968048,200,0.0008206074421719631,0.014355958697972314,200,197.32118555897483,4.217526980261238,0.0,basis-capacity-Ko04-Kd08,artifacts/basis-capacity-Ko04-Kd08
6,8,max_iters,0.03141110670493749,2.529828223574171e-06,7.917782405973412,200,0.0008678284430797486,0.043817166114008856,200,203.22076092801774,4.2013761642389325,0.022488755622188907,basis-capacity-Ko06-Kd08,artifacts/basis-capacity-Ko06-Kd08
8,8,max_iters,0.03077057655388761,1.1332463939472959e-06,8.318072788009886,200,0.0008905041228786137,0.035790866712301375,200,201.27956559903663,4.181642244846641,0.0,basis-capacity-Ko08-Kd08,artifacts/basis-capacity-Ko08-Kd08
10,8,max_iters,0.030803637943272046,6.637237370821225e-07,8.743536281981505,200,0.000881897177957993,0.07944875939080928,200,200.99638248811584,4.182101553313917,0.0,basis-capacity-Ko10-Kd08,artifacts/basis-capacity-Ko10-Kd08
12,8,max_iters,0.031193249324536463,7.059181600377329e-07,8.36981961200945,200,0.0008337522073065296,0.13343715945419976,200,202.3343965859045,4.18525320082501,0.0,basis-capacity-Ko12-Kd08,artifacts/basis-capacity-Ko12-Kd08
14,8,max_iters,0.032158107443041734,2.3394710663149354e-06,8.615692610968836,200,0.0007605538080491207,0.12474274250698163,200,216.65457106359077,4.2130409577124155,0.06096951524237881,basis-capacity-Ko14-Kd08,artifacts/basis-capacity-Ko14-Kd08
16,8,max_iters,0.030794553290960893,1.807454584890067e-06,8.745298136025667,200,0.0009503894672205734,0.11022429522950096,200,194.56287141519917,4.184286621528093,0.017491254372813594,basis-capacity-Ko16-Kd08,artifacts/basis-capacity-Ko16-Kd08
18,8,max_iters,0.030720616303443884,7.692087702348971e-07,8.325305564969312,200,0.0009367996655766756,0.09948576627316884,200,192.90368814565258,4.191570567143215,0.02148925537231384,basis-capacity-Ko18-Kd08,artifacts/basis-capacity-Ko18-Kd08
20,8,max_iters,0.031438283107616274,1.2474871458056924e-06,8.663558469968848,200,0.000827622284652704,0.137428688805089,200,208.43533629532152,4.2045256047239254,0.0384807596201899,basis-capacity-Ko20-Kd08,artifacts/basis-capacity-Ko20-Kd08
22,8,max_iters,0.031450143246620564,1.1273784483734062e-06,8.344117399014067,200,0.0008242854111167755,0.14547741458615773,200,206.8195970523253,4.20319032018334,0.02848575712143928,basis-capacity-Ko22-Kd08,artifacts/basis-capacity-Ko22-Kd08
24,8,max_iters,0.03149389929078074,1.0396945124835355e-06,8.540264105016831,200,0.0008210660755523793,0.15415878604159217,200,212.13774957974533,4.201463631076485,0.025487256371814093,basis-capacity-Ko24-Kd08,artifacts/basis-capacity-Ko24-Kd08
1,10,max_iters,0.03322538994902407,2.664768425086894e-05,9.311304399045184,200,0.0011324068584273666,0.0759025734003163,200,192.13185420455574,4.179790000900532,0.0,basis-capacity-Ko01-Kd10,artifacts/basis-capacity-Ko01-Kd10
2,10,max_iters,0.0330513421880976,1.7928463896810243e-06,8.849131804017816,200,0.0008015444421943841,0.0767187810405468,200,197.50998635203385,4.15190729837954,0.0069965017491254375,basis-capacity-Ko02-Kd10,artifacts/basis-capacity-Ko02-Kd10
4,10,max_iters,0.032259993353827544,6.712794857755e-07,9.921808268991299,200,0.0008323671638429619,0.042618707266351294,200,200.11382849461557,4.2037172257123,0.0,basis-capacity-Ko04-Kd10,artifacts/basis-capacity-Ko04-Kd10
6,10,max_iters,0.03188940361346951,2.962138630158151e-06,7.769996331015136,200,0.0008238402052126463,0.09284456559953032,200,214.32500185673962,4.1977840319789195,0.03398300849575212,basis-capacity-Ko06-Kd10,artifacts/basis-capacity-Ko06-Kd10
8,10,max_iters,0.031519379181771084,1.4211176709855167e-06,9.009861221013125,200,0.0008064637297447812,0.12090300336093118,200,222.87490718709293,4.177438530786504,0.0,basis-capacity-Ko08-Kd10,artifacts/basis-capacity-Ko08-Kd10
10,10,max_iters,0.031965269215466864,7.406791601161089e-07,8.49791684903903,200,0.0007387342889754215,0.14613714690738125,200,225.36955673189877,4.17876580032944,0.0,basis-capacity-Ko10-Kd10,artifacts/basis-capacity-Ko10-Kd10
12,10,max_iters,0.03211396066906775,3.350589774520074e-07,8.509564018982928,200,0.0007070016898657581,0.15325091592152384,200,221.80441190997698,4.183208316172048,0.005997001499250375,basis-capacity-Ko12-Kd10,artifacts/basis-capacity-Ko12-Kd10
14,10,max_iters,0.03222975292481039,2.9149105318371227e-07,8.656027381017338,200,0.00069916124241423,0.16173950431636014,200,229.63304238856088,4.188837304448731,0.01999000499750125,basis-capacity-Ko14-Kd10,artifacts/basis-capacity-Ko14-Kd10
16,10,max_iters,0.03088419642103969,4.998393859922956e-07,8.235729952983093,200,0.00087499746304037,0.10473431637894824,200,201.8003451420262,4.182334433753421,0.0,basis-capacity-Ko16-Kd10,artifacts/basis-capacity-Ko16-Kd10
18,10,max_iters,0.031132733909591263,7.680672735599359e-07,8.475324844999705,200,0.0008670943025528361,0.12458557059385154,200,205.7487262361189,4.184708453105713,0.0,basis-capacity-Ko18-Kd10,artifacts/basis-capacity-Ko18-Kd10
20,10,max_iters,0.03244317574898176,6.388169810911393e-07,8.332210009975825,200,0.0006699547939741868,0.14985772931863314,200,226.32603281822458,4.207806414221076,0.030484757621189407,basis-capacity-Ko20-Kd10,artifacts/basis-capacity-Ko20-Kd10
22,10,max_iters,0.032384058170093974,5.213827619643396e-07,8.286303304950707,200,0.0006747189581192495,0.1577100335215216,200,222.5125980778711,4.206192453507059,0.02798600699650175,basis-capacity-Ko22-Kd10,artifacts/basis-capacity-Ko22-Kd10
24,10,max_iters,0.0324299501596731,4.0726454531014866e-07,8.404059195017908,200,0.0006692231121300892,0.16344419829164306,200,228.85520088315886,4.20422764568478,0.025487256371814093,basis-capacity-Ko24-Kd10,artifacts/basis-capacity-Ko24-Kd10
1,12,max_iters,0.03377539605113212,3.113626685491422e-05,9.307459725998342,200,0.0011904277849362718,0.06892854854089889,200,192.49797842922732,4.187209227335784,0.0,basis-capacity-Ko01-Kd12,artifacts/basis-capacity-Ko01-Kd12
2,12,max_iters,0.03401476991305459,2.1202728675007165e-06,8.666142918984406,200,0.0007392792097002189,0.07898937879223507,200,199.8117063461942,4.1631215742258965,0.008995502248875561,basis-capacity-Ko02-Kd12,artifacts/basis-capacity-Ko02-Kd12
4,12,max_iters,0.03293876161267468,3.8789443956854797e-07,8.8058692519553,200,0.0008263014583122583,0.07093265744123119,200,207.84817671868825,4.204691094952776,0.0,basis-capacity-Ko04-Kd12,artifacts/basis-capacity-Ko04-Kd12
6,12,max_iters,0.03179835670693393,1.972746126344127e-06,7.576929174014367,200,0.0008594546967235763,0.09179506526100484,200,212.87119554729725,4.18893224693928,0.010994502748625687,basis-capacity-Ko06-Kd12,artifacts/basis-capacity-Ko06-Kd12
8,12,max_iters,0.032140826549178846,2.9142083020072818e-06,9.45405172999017,200,0.0008928645495168557,0.12693559474045926,200,226.88974044968467,4.172044525430874,0.0,basis-capacity-Ko08-Kd12,artifacts/basis-capacity-Ko08-Kd12
10,12,max_iters,0.03217719265945698,9.806314842375485e-07,8.842810521018691,200,0.0007806681842034599,0.14519556108876377,200,225.81325854333392,4.173702168466512,0.0,basis-capacity-Ko10-Kd12,artifacts/basis-capacity-Ko10-Kd12
12,12,max_iters,0.032341218593804455,7.382126177013504e-07,8.430951284011826,200,0.0007504419860627445,0.15636769253606572,200,228.7318752949211,4.179349794243116,0.0,basis-capacity-Ko12-Kd12,artifacts/basis-capacity-Ko12-Kd12
14,12,converged_rtol,0.03094819607986988,1.9860030481266833e-06,4.202885206963401,101,0.0010232876022265964,0.0,101,198.3935047639096,4.220757994250002,0.0,basis-capacity-Ko14-Kd12,artifacts/basis-capacity-Ko14-Kd12
16,12,max_iters,0.03273626257913524,9.533784668391831e-07,8.401529529946856,200,0.0006984112463105619,0.1509488943408488,200,231.3542290053773,4.2018897211712565,0.05547226386806597,basis-capacity-Ko16-Kd12,artifacts/basis-capacity-Ko16-Kd12
18,12,max_iters,0.031302905377703555,2.4268165298435562e-06,8.571887741039973,200,0.0009388218021207643,0.1338673610208873,200,211.8199421733791,4.185779431912151,0.0,basis-capacity-Ko18-Kd12,artifacts/basis-capacity-Ko18-Kd12
20,12,max_iters,0.032368551934988055,9.227409565326639e-07,8.464257713989355,200,0.0007425676007076963,0.16508093823762562,200,229.5045045955373,4.196669431894016,0.0384807596201899,basis-capacity-Ko20-Kd12,artifacts/basis-capacity-Ko20-Kd12
22,12,max_iters,0.03226165306631561,8.591910906075029e-07,8.433433729980607,200,0.0007522958047265739,0.17057498157246898,200,229.3758981983214,4.19595645320329,0.02148925537231384,basis-capacity-Ko22-Kd12,artifacts/basis-capacity-Ko22-Kd12
24,12,max_iters,0.03214814201452041,7.713531400277418e-07,8.446204895037226,200,0.0007660844818280765,0.175817948553265,200,231.6860825649907,4.194029508345836,0.013493253373313344,basis-capacity-Ko24-Kd12,artifacts/basis-capacity-Ko24-Kd12
1,14,max_iters,0.03578992258458928,3.0465630102227692e-05,8.703984860971104,200,0.0011664324896741853,0.1189785764111764,200,192.57475379912967,4.188765021286504,0.0,basis-capacity-Ko01-Kd14,artifacts/basis-capacity-Ko01-Kd14
2,14,max_iters,0.03380594860845126,1.000566596798258e-06,8.749983030953445,200,0.0007470602863156164,0.08972866438444674,200,199.0445152889867,4.158623072877597,0.00849575212393803,basis-capacity-Ko02-Kd14,artifacts/basis-capacity-Ko02-Kd14
4,14,max_iters,0.03279657529804101,2.2643855912551913e-07,9.226096402970143,200,0.000811806435494651,0.08351436627141809,200,206.10309180332453,4.204477996066959,0.0,basis-capacity-Ko04-Kd14,artifacts/basis-capacity-Ko04-Kd14
6,14,max_iters,0.03225440017193849,2.2871111893252305e-06,7.796645060996525,200,0.0008868699731437079,0.09329503850678277,200,212.67618087549377,4.186742319818371,0.011494252873563218,basis-capacity-Ko06-Kd14,artifacts/basis-capacity-Ko06-Kd14
8,14,converged_rtol,0.0311949300188695,1.0569972153096074e-07,4.298970362986438,93,0.0008870482815079517,0.0,93,196.0832417495958,4.2084238524370265,0.0,basis-capacity-Ko08-Kd14,artifacts/basis-capacity-Ko08-Kd14
10,14,max_iters,0.033160557342393614,9.625394437051682e-08,8.581907573970966,200,0.0008302924499177891,0.1762145824032107,200,209.54700274665925,4.184226386401738,0.035982008995502246,basis-capacity-Ko10-Kd14,artifacts/basis-capacity-Ko10-Kd14
12,14,max_iters,0.0336079670250284,4.4482491246000677e-07,8.39377300196793,200,0.0008526470117442704,0.17450509673367726,200,220.11869091937595,4.181631487887113,0.005497251374312844,basis-capacity-Ko12-Kd14,artifacts/basis-capacity-Ko12-Kd14
14,14,max_iters,0.03443151207573384,4.594547501790558e-06,8.5226049440098,200,0.001012507786433689,0.18297090929364643,200,226.3885407202,4.176328777947712,0.0,basis-capacity-Ko14-Kd14,artifacts/basis-capacity-Ko14-Kd14
16,14,max_iters,0.03332371013344824,1.0339314117091547e-06,8.53935635596281,200,0.0008941421965632098,0.17988393291309324,200,218.7024333090971,4.185847415983786,0.0,basis-capacity-Ko16-Kd14,artifacts/basis-capacity-Ko16-Kd14
18,14,max_iters,0.03128242100479721,1.2544887488807888e-06,8.473243257962167,200,0.000898396819431478,0.12840209833542388,200,201.68253661293417,4.1879615326060495,0.0,basis-capacity-Ko18-Kd14,artifacts/basis-capacity-Ko18-Kd14
20,14,max_iters,0.03209914276526778,1.5568578892732887e-06,8.532962456985842,200,0.0007946278282331153,0.15924790360950836,200,222.1152115683832,4.198602523687392,0.04547726136931534,basis-capacity-Ko20-Kd14,artifacts/basis-capacity-Ko20-Kd14
22,14,max_iters,0.03210636403712401,1.4073285846682992e-06,8.36537152301753,200,0.0007845577570800044,0.16067543767998804,200,226.0989550495111,4.200564227273766,0.026486756621689155,basis-capacity-Ko22-Kd14,artifacts/basis-capacity-Ko22-Kd14
24,14,max_iters,0.031865349149628075,1.405748734861767e-06,8.630368527024984,200,0.0008357560997505726,0.16622144619895424,200,221.65799464876338,4.1932420374014185,0.01699150424787606,basis-capacity-Ko24-Kd14,artifacts/basis-capacity-Ko24-Kd14
1,16,max_iters,0.0361848051192558,2.7296956733091626e-05,9.051566942012869,200,0.001122796654883061,0.1375687467381098,200,192.61690574901976,4.18961919820201,0.0,basis-capacity-Ko01-Kd16,artifacts/basis-capacity-Ko01-Kd16
2,16,max_iters,0.036033882207623616,7.229950858000933e-07,9.2996869260096,200,0.0007225838856184837,0.14093032476338013,200,199.63939798917067,4.162707305941448,0.008995502248875561,basis-capacity-Ko02-Kd16,artifacts/basis-capacity-Ko02-Kd16
4,16,max_iters,0.03502041404766711,5.9126142870624676e-08,8.192115188983735,200,0.0007840992922315634,0.12618822750723452,200,209.1611339844838,4.209389527854665,0.0,basis-capacity-Ko04-Kd16,artifacts/basis-capacity-Ko04-Kd16
6,16,max_iters,0.0321739926307691,1.8222814986978975e-06,8.080933177028783,200,0.0008661439303859119,0.12224003746324885,200,213.15207062031715,4.188369432358908,0.01199400299850075,basis-capacity-Ko06-Kd16,artifacts/basis-capacity-Ko06-Kd16
8,16,max_iters,0.033482679456825135,8.246189086014155e-06,8.52186968800379,200,0.0010704838496292898,0.15521663418595244,200,230.08225960507113,4.162514818372577,0.0,basis-capacity-Ko08-Kd16,artifacts/basis-capacity-Ko08-Kd16
10,16,max_iters,0.03340062276672082,2.139197250228264e-06,8.441880639002193,200,0.0009343973294546537,0.16018769124598967,200,204.99705161816127,4.1731080827478735,0.0034982508745627187,basis-capacity-Ko10-Kd16,artifacts/basis-capacity-Ko10-Kd16
12,16,max_iters,0.03440890331465503,1.9031348210685195e-06,8.376083386014216,200,0.0009200959116047422,0.18713539825828823,200,224.34634552700118,4.177803960955574,0.0,basis-capacity-Ko12-Kd16,artifacts/basis-capacity-Ko12-Kd16
14,16,max_iters,0.033304891312630765,9.404849643512847e-08,8.53555240703281,200,0.0008360848287846262,0.17350251420442314,200,223.8019933950508,4.186663752207277,0.0,basis-capacity-Ko14-Kd16,artifacts/basis-capacity-Ko14-Kd16
16,16,max_iters,0.0329042995116027,1.0440090125740653e-06,8.248386074032169,200,0.0008320927293953751,0.16438615817339228,200,229.37506768777513,4.190212283306384,0.02948525737131434,basis-capacity-Ko16-Kd16,artifacts/basis-capacity-Ko16-Kd16
18,16,max_iters,0.031600226714154675,7.721487951251049e-07,8.757729192031547,200,0.0008697404271228727,0.13574061271081217,200,207.79856315378973,4.189888428719974,0.01899050474762619,basis-capacity-Ko18-Kd16,artifacts/basis-capacity-Ko18-Kd16
20,16,max_iters,0.03321182594514045,7.692203994880131e-07,8.69979908701498,200,0.0007418072132602888,0.16593720851244123,200,235.1081243640259,4.207745085695028,0.03298350824587706,basis-capacity-Ko20-Kd16,artifacts/basis-capacity-Ko20-Kd16
22,16,max_iters,0.03235167293994913,1.1264957175960433e-06,8.272633739979938,200,0.0007618523448138224,0.14994723476554522,200,227.199145287557,4.207333589132607,0.02948525737131434,basis-capacity-Ko22-Kd16,artifacts/basis-capacity-Ko22-Kd16
24,16,max_iters,0.03184959860465612,1.3964938572197383e-06,8.60035105800489,200,0.000825362637506365,0.18260103461780947,200,225.47115132722757,4.195952930951988,0.02048975512243878,basis-capacity-Ko24-Kd16,artifacts/basis-capacity-Ko24-Kd16
1,18,max_iters,0.04047680083905564,1.7133680431435927e-05,9.004885011003353,200,0.0010048265966332095,0.2102461423267704,200,192.51480494962374,4.1875502038583035,0.0,basis-capacity-Ko01-Kd18,artifacts/basis-capacity-Ko01-Kd18
2,18,max_iters,0.039617468304327975,3.5939749367663865e-06,9.378769416012801,200,0.0008449253706761229,0.1574888445656247,200,197.87146856376415,4.155372341518483,0.0074962518740629685,basis-capacity-Ko02-Kd18,artifacts/basis-capacity-Ko02-Kd18
4,18,max_iters,0.03518991335942182,2.8847216704264156e-07,7.617221883032471,200,0.0007725189790152938,0.1257088362246767,200,211.39922145358977,4.212297328082455,0.0004997501249375312,basis-capacity-Ko04-Kd18,artifacts/basis-capacity-Ko04-Kd18
6,18,max_iters,0.03407233589747419,2.4851984743445854e-06,8.187361749995034,200,0.0008935757796692949,0.17006903419005243,200,214.53288626270577,4.188135625378038,0.00849575212393803,basis-capacity-Ko06-Kd18,artifacts/basis-capacity-Ko06-Kd18
8,18,max_iters,0.034791423714145446,3.676393642404463e-06,9.095466881990433,200,0.0009069946911392551,0.1831436782555326,200,235.17918570355485,4.166701478378965,0.0,basis-capacity-Ko08-Kd18,artifacts/basis-capacity-Ko08-Kd18
10,18,max_iters,0.03441620380663485,2.5751407264351656e-06,8.333650634041987,200,0.0009286119153932666,0.15541022170470384,200,212.40145695324793,4.17213192486212,0.0,basis-capacity-Ko10-Kd18,artifacts/basis-capacity-Ko10-Kd18
12,18,max_iters,0.03412572485641743,9.291070152128711e-07,8.509589110966772,200,0.0008684932135571588,0.21612774843179752,200,216.57162630653295,4.179196132091003,0.0,basis-capacity-Ko12-Kd18,artifacts/basis-capacity-Ko12-Kd18
14,18,max_iters,0.034474031164422166,2.6133190067501033e-07,8.419973604963161,200,0.0007754071896954504,0.21441284585655593,200,244.79392222060235,4.187203842187277,0.0,basis-capacity-Ko14-Kd18,artifacts/basis-capacity-Ko14-Kd18
16,18,max_iters,0.03299552420702672,2.2129248516966626e-06,8.130750879005063,200,0.0008462883456082709,0.17617274813658548,200,237.27778199365594,4.192836661973976,0.04597701149425287,basis-capacity-Ko16-Kd18,artifacts/basis-capacity-Ko16-Kd18
18,18,max_iters,0.03178048920840323,9.186483772571918e-07,8.948215300042648,200,0.0008647241559817,0.1465745385101931,200,206.98929994390718,4.191128952548166,0.02348825587206397,basis-capacity-Ko18-Kd18,artifacts/basis-capacity-Ko18-Kd18
20,18,max_iters,0.03477347011971163,3.6215734278144396e-07,8.398542982991785,200,0.0007027530679711155,0.1991391445678994,200,234.85787226387305,4.199822527608113,0.031484257871064465,basis-capacity-Ko20-Kd18,artifacts/basis-capacity-Ko20-Kd18
22,18,max_iters,0.033788945175075455,5.979341758388657e-07,8.32794022699818,200,0.0007087384280654072,0.17714156463406075,200,230.13275711666705,4.2152878794909725,0.02848575712143928,basis-capacity-Ko22-Kd18,artifacts/basis-capacity-Ko22-Kd18
24,18,max_iters,0.033256036070986046,2.427281655670299e-07,8.49581124301767,200,0.000758288276223819,0.1958130990016847,200,223.33752495075706,4.200056175647688,0.01999000499750125,basis-capacity-Ko24-Kd18,artifacts/basis-capacity-Ko24-Kd18
1,20,max_iters,0.040492116945480904,2.6461318763160158e-05,9.236688410979696,200,0.0011510085964659762,0.1834575466173109,200,192.68077200957265,4.190913398958706,0.0,basis-capacity-Ko01-Kd20,artifacts/basis-capacity-Ko01-Kd20
2,20,max_iters,0.039203114408894235,4.3571015424515025e-06,9.354587736015674,200,0.000804188558474313,0.19352104521546928,200,200.90640400601333,4.167212448360622,0.009995002498750625,basis-capacity-Ko02-Kd20,artifacts/basis-capacity-Ko02-Kd20
4,20,max_iters,0.039070169574908206,1.6544409708885155e-07,8.055978543008678,200,0.000818490265153256,0.183311623882743,200,210.8623013655137,4.212952117895236,0.0,basis-capacity-Ko04-Kd20,artifacts/basis-capacity-Ko04-Kd20
6,20,max_iters,0.03588584383662457,2.422051402772851e-07,8.317631473008078,200,0.0007742019234576012,0.21052391231351852,200,209.75344710077675,4.195553194585626,0.0,basis-capacity-Ko06-Kd20,artifacts/basis-capacity-Ko06-Kd20
8,20,max_iters,0.037416847026760416,2.585669193200246e-07,8.795845954969991,200,0.0008325010966726792,0.21610758015891376,200,202.8771868374414,4.179761822168966,0.0004997501249375312,basis-capacity-Ko08-Kd20,artifacts/basis-capacity-Ko08-Kd20
10,20,max_iters,0.035235901228628755,1.0631627889168271e-07,8.342030358035117,200,0.0008392755860777068,0.18408891392454954,200,206.96857392860053,4.176888518467628,0.0,basis-capacity-Ko10-Kd20,artifacts/basis-capacity-Ko10-Kd20
12,20,max_iters,0.03553297700879624,6.211863745608781e-08,8.338064564974047,200,0.000836306686390806,0.2004681745117797,200,191.87713707422907,4.184962063476291,0.0,basis-capacity-Ko12-Kd20,artifacts/basis-capacity-Ko12-Kd20
14,20,max_iters,0.03421800236777435,1.4186524838200043e-06,8.300639796012547,200,0.0009168078718851441,0.2070286125028729,200,212.1757163121633,4.183784578299911,0.0,basis-capacity-Ko14-Kd20,artifacts/basis-capacity-Ko14-Kd20
16,20,max_iters,0.036431288330861955,1.7321564644845466e-06,8.44755357404938,200,0.0008989282911357297,0.2359744071826987,200,216.05331433224026,4.186888227904277,0.02348825587206397,basis-capacity-Ko16-Kd20,artifacts/basis-capacity-Ko16-Kd20
18,20,max_iters,0.03500845480342051,1.7118858887110733e-06,8.36212245101342,200,0.0008898389908526281,0.19625828584946284,200,211.82118746240465,4.187361547773096,0.01999000499750125,basis-capacity-Ko18-Kd20,artifacts/basis-capacity-Ko18-Kd20
20,20,max_iters,0.03302119042519792,1.650081376314283e-06,8.422157749999315,200,0.0007797431258343556,0.1898413705061999,200,216.56012656881921,4.199364218907879,0.030984507746126936,basis-capacity-Ko20-Kd20,artifacts/basis-capacity-Ko20-Kd20
22,20,max_iters,0.036110703163049276,6.147607052309212e-07,8.18953903298825,200,0.0008185650908696091,0.20085060282483191,200,229.73569796778276,4.19099757789836,0.0,basis-capacity-Ko22-Kd20,artifacts/basis-capacity-Ko22-Kd20
24,20,max_iters,0.034164164770536874,1.1850019461245864e-06,8.50867875199765,200,0.0008298366195712236,0.18510087480443885,200,236.75447012872715,4.193138802026449,0.01699150424787606,basis-capacity-Ko24-Kd20,artifacts/basis-capacity-Ko24-Kd20
1,22,max_iters,0.04445033519348387,7.777820650090028e-06,10.022112220991403,200,0.0008722491806894434,0.2260335907995861,200,192.46684810855515,4.1865783952779605,0.0,basis-capacity-Ko01-Kd22,artifacts/basis-capacity-Ko01-Kd22
2,22,max_iters,0.040446047166205264,1.5564216744312631e-06,8.708005803986453,200,0.0007668819099171991,0.216833820149763,200,199.2740541867686,4.161389289335882,0.00849575212393803,basis-capacity-Ko02-Kd22,artifacts/basis-capacity-Ko02-Kd22
4,22,max_iters,0.0394875391330124,1.3429772782735938e-07,8.211128027003724,200,0.0007967171035957496,0.21923684673746935,200,209.901841010312,4.211990781345235,0.0,basis-capacity-Ko04-Kd22,artifacts/basis-capacity-Ko04-Kd22
6,22,max_iters,0.04031298257998098,3.889927808753413e-06,8.05760903301416,200,0.0009196093208413407,0.2362400596562222,200,214.6306389740703,4.189194770737737,0.00849575212393803,basis-capacity-Ko06-Kd22,artifacts/basis-capacity-Ko06-Kd22
8,22,max_iters,0.03770970814214695,4.3357308443514597e-07,8.704446393996477,200,0.0008080362027344312,0.2033265677575639,200,207.79522514059258,4.184420216018378,0.027486256871564217,basis-capacity-Ko08-Kd22,artifacts/basis-capacity-Ko08-Kd22
10,22,max_iters,0.037072653701047384,1.418147974718842e-06,8.53328779200092,200,0.0008703354113101555,0.2198887749932065,200,202.0771579960226,4.174549864710936,0.0,basis-capacity-Ko10-Kd22,artifacts/basis-capacity-Ko10-Kd22
12,22,max_iters,0.0353246592358083,7.892393960595712e-08,8.427902262017597,200,0.0008341454853314523,0.21023803955673323,200,193.43008900876094,4.185018900430495,0.0,basis-capacity-Ko12-Kd22,artifacts/basis-capacity-Ko12-Kd22
14,22,max_iters,0.03441093940094787,4.2022742618996745e-08,8.659690948028583,200,0.0008322900218195519,0.19630367765017373,200,214.1309332146756,4.187465150926305,0.0,basis-capacity-Ko14-Kd22,artifacts/basis-capacity-Ko14-Kd22
16,22,max_iters,0.03596509966646233,2.5576187998588296e-06,8.653019521036185,200,0.0009714465437016507,0.20596470974084943,200,213.54033400104282,4.182658833489083,0.0,basis-capacity-Ko16-Kd22,artifacts/basis-capacity-Ko16-Kd22
18,22,max_iters,0.035117772959958035,4.105824495947985e-07,8.168344109959435,200,0.0008518485654658682,0.20365249934045135,200,206.2495762131723,4.187490352074256,0.0,basis-capacity-Ko18-Kd22,artifacts/basis-capacity-Ko18-Kd22
20,22,max_iters,0.03470993709128159,4.525905282770637e-07,8.417954563978128,200,0.0008045303361544715,0.17759142769559763,200,227.78246813148832,4.1855538420092016,0.0,basis-capacity-Ko20-Kd22,artifacts/basis-capacity-Ko20-Kd22
22,22,max_iters,0.034207929783635654,5.686246303815423e-07,8.253056546964217,200,0.0007968068593952604,0.19366686777046152,200,221.9803676448274,4.195101081693785,0.014492753623188406,basis-capacity-Ko22-Kd22,artifacts/basis-capacity-Ko22-Kd22
24,22,max_iters,0.03529795616658919,1.0233158120875885e-06,8.693015877972357,200,0.0008605023780031266,0.1882520721370804,200,248.03085626686357,4.191477961810297,0.01649175412293853,basis-capacity-Ko24-Kd22,artifacts/basis-capacity-Ko24-Kd22
1,24,max_iters,0.0441894539702329,1.148940519302144e-05,9.366409706010018,200,0.0009209780810615554,0.23773661980196129,200,192.61612406109535,4.18960335789612,0.0,basis-capacity-Ko01-Kd24,artifacts/basis-capacity-Ko01-Kd24
2,24,max_iters,0.04318177340105601,5.655113639591036e-07,8.751330350991338,200,0.0007155442468368434,0.24267783075925883,200,200.01174690323194,4.164282552306363,0.008995502248875561,basis-capacity-Ko02-Kd24,artifacts/basis-capacity-Ko02-Kd24
4,24,max_iters,0.04514409399336684,3.029839299450998e-07,8.287505259970203,200,0.000806867664536436,0.25951728266425084,200,209.56775715729952,4.212884111737554,0.0,basis-capacity-Ko04-Kd24,artifacts/basis-capacity-Ko04-Kd24
6,24,max_iters,0.039752020244393116,3.8120536178798403e-06,8.092835228017066,200,0.0009160277870399646,0.258029373023915,200,215.68317503672833,4.189668061358352,0.006496751624187906,basis-capacity-Ko06-Kd24,artifacts/basis-capacity-Ko06-Kd24
8,24,max_iters,0.04282995510898744,3.1363357656521984e-06,8.51076643000124,200,0.0009151739188774462,0.26018792813735836,200,209.91336316259995,4.17946811841653,0.028985507246376812,basis-capacity-Ko08-Kd24,artifacts/basis-capacity-Ko08-Kd24
10,24,max_iters,0.038266076610225734,6.338872760025538e-10,8.343120298988651,200,0.0008318798322028809,0.26021233753487105,200,206.97542682082317,4.178625923307435,0.0,basis-capacity-Ko10-Kd24,artifacts/basis-capacity-Ko10-Kd24
12,24,max_iters,0.03856179577893571,1.7511087311294915e-06,8.439909402048215,200,0.0009255580699368895,0.23689437472344763,200,201.97327387862742,4.181483379520033,0.0,basis-capacity-Ko12-Kd24,artifacts/basis-capacity-Ko12-Kd24
14,24,max_iters,0.03849717528235229,7.865974172016621e-07,8.444651035009883,200,0.0008093268969245753,0.24966521682524653,200,223.58432991839064,4.18982733582067,0.012993503248375811,basis-capacity-Ko14-Kd24,artifacts/basis-capacity-Ko14-Kd24
16,24,max_iters,0.03594574074459012,1.7420435945991741e-06,8.249206284992397,200,0.0009259782664006195,0.21242391187850831,200,224.75813623654477,4.182600686279411,0.0,basis-capacity-Ko16-Kd24,artifacts/basis-capacity-Ko16-Kd24
18,24,max_iters,0.0348196550064508,3.569348698828634e-07,8.422868376947008,200,0.0008494248506211845,0.20140288551502833,200,204.47356975705975,4.188328869197859,0.0029985007496251873,basis-capacity-Ko18-Kd24,artifacts/basis-capacity-Ko18-Kd24
20,24,max_iters,0.03608257460211299,3.819726999143569e-07,8.473020663950592,200,0.0007728727807231184,0.2340306372914975,200,248.48715264876347,4.185634718833809,0.0,basis-capacity-Ko20-Kd24,artifacts/basis-capacity-Ko20-Kd24
22,24,max_iters,0.034713452989423514,5.242932898941177e-07,8.113927997008432,200,0.0007834772154446952,0.22457300973744315,200,229.58949058001892,4.195847240548646,0.011494252873563218,basis-capacity-Ko22-Kd24,artifacts/basis-capacity-Ko22-Kd24
24,24,max_iters,0.03567616267417252,9.356368173563112e-07,8.607809962995816,200,0.0008444417525080928,0.22764181451927995,200,253.21983606003425,4.1907203726939715,0.015492253873063468,basis-capacity-Ko24-Kd24,artifacts/basis-capacity-Ko24-Kd24
